chrom	pos	read_name	insertion_length	insertion_sequence	strand	mapq
NC_003074.8	16060868	LH00452:323:237YMYLT4:4:2250:46984:4195	1	A	+	11
NC_003074.8	16060868	LH00452:323:237YMYLT4:4:2136:51425:6143	1	A	+	25
NC_003074.8	16060868	LH00452:323:237YMYLT4:4:2250:46984:4195	1	A	-	11
NC_003074.8	16060868	LH00452:323:237YMYLT4:4:2164:44168:3186	1	A	+	25
NC_003074.8	16060868	LH00452:323:237YMYLT4:4:2164:44176:3200	1	A	+	25
NC_003074.8	16060868	LH00452:323:237YMYLT4:4:1310:3969:27890	1	A	-	11
NC_003074.8	16098870	LH00452:323:237YMYLT4:4:2311:47865:27161	1	T	+	6
NC_003074.8	16098870	LH00452:323:237YMYLT4:4:2193:47420:29277	1	T	+	12
NC_003074.8	16214482	LH00452:323:237YMYLT4:4:1446:45293:24302	1	T	-	6
NC_003074.8	16214482	LH00452:323:237YMYLT4:4:1224:2165:9463	1	A	+	6
NC_003074.8	16214482	LH00452:323:237YMYLT4:4:1185:15910:4937	1	A	-	1
NC_003074.8	16214482	LH00452:323:237YMYLT4:4:1488:1461:1126	1	T	-	6
NC_003074.8	16226289	LH00452:323:237YMYLT4:4:2451:41353:22635	1	T	-	15
NC_003074.8	16226289	LH00452:323:237YMYLT4:4:1313:2011:11495	1	A	+	18
